2020-12-06 23:01:25+07,Thankyou for working
2020-12-07 23:01:25+07,Thankyou for working
2020-12-08 23:01:25+07,Thankyou for working
2020-12-08 23:01:25+07,Thankyou for working
2020-12-09 23:01:25+07,Thankyou for working
2020-12-09 23:01:25+07,Thankyou for working
2020-12-09 23:01:25+07,Thankyou for working
2020-12-10 23:01:25+07,Thankyou for working
2020-12-10 23:01:25+07,Thankyou for working
2020-12-10 23:01:25+07,Thankyou for working
2020-12-10 23:01:25+07,Thankyou for working
2020-12-11 23:01:25+07,Thankyou for working
2020-12-11 23:01:25+07,Thankyou for working
2020-12-11 23:01:25+07,Thankyou for working
2020-12-11 23:01:25+07,Thankyou for working
2020-12-11 23:01:25+07,Thankyou for working
2020-12-5 23:01:25+07,Thankyou for working
2020-12-5 23:01:25+07,Thankyou for working
2020-12-5 23:01:25+07,Thankyou for working
2020-12-5 23:01:25+07,Thankyou for working
2020-12-5 23:01:25+07,Thankyou for working
2020-12-5 23:01:25+07,Thankyou for working
2020-12-4 08:29:46+07,Thankyou for working
2020-12-12 08:34:47+07,Thankyou for working
2020-12-12 09:01:11+07,Thankyou for working
