2020-12-14 16:45:49+07,Thankyou for working
2020-12-14 16:45:58+07,Thankyou for working
2020-12-14 16:46:07+07,Thankyou for working
2020-12-14 16:46:17+07,Thankyou for working
2020-12-14 16:46:26+07,Thankyou for working
2020-12-14 16:46:35+07,Thankyou for working
2020-12-14 16:46:44+07,Thankyou for working
2020-12-14 16:46:53+07,Thankyou for working
2020-12-14 16:47:02+07,Thankyou for working
2020-12-14 16:47:11+07,Thankyou for working
2020-12-14 16:47:20+07,Thankyou for working
2020-12-14 16:47:29+07,Thankyou for working
2020-12-14 16:47:38+07,Thankyou for working
2020-12-14 16:47:47+07,Thankyou for working
2020-12-14 16:47:56+07,Thankyou for working
2020-12-14 16:48:05+07,Thankyou for working
2020-12-14 16:48:14+07,Thankyou for working
2020-12-14 16:48:39+07,Thankyou for working
2020-12-14 16:48:48+07,Thankyou for working
2020-12-14 16:48:57+07,Thankyou for working
2020-12-14 16:49:06+07,Thankyou for working
2020-12-14 16:49:15+07,Thankyou for working
2020-12-14 16:49:24+07,Thankyou for working
2020-12-14 16:49:33+07,Thankyou for working
2020-12-14 16:49:42+07,Thankyou for working
2020-12-14 16:49:51+07,Thankyou for working
2020-12-14 16:50:00+07,Thankyou for working
2020-12-14 16:50:09+07,Thankyou for working
2020-12-14 16:50:27+07,Thankyou for working
2020-12-14 17:15:08+07,Thankyou for working
2020-12-14 17:15:17+07,Thankyou for working
2020-12-14 17:15:26+07,Thankyou for working
2020-12-14 17:15:35+07,Thankyou for working
2020-12-14 17:15:44+07,Thankyou for working
2020-12-14 17:36:07+07,Thankyou for working
2020-12-14 17:36:16+07,Thankyou for working
2020-12-14 17:36:31+07,Thankyou for working
2020-12-14 17:36:46+07,Thankyou for working
2020-12-14 17:36:53+07,Thankyou for working
2020-12-14 18:27:11+07,Thankyou for working
2020-12-14 18:27:21+07,Thankyou for working
2020-12-14 18:27:30+07,Thankyou for working
2020-12-14 18:27:57+07,Thankyou for working
2020-12-14 18:28:06+07,Thankyou for working
2020-12-14 18:28:15+07,Thankyou for working
2020-12-14 18:28:24+07,Thankyou for working
2020-12-14 18:28:34+07,Thankyou for working
2020-12-14 18:28:43+07,Thankyou for working
2020-12-14 18:28:52+07,Thankyou for working
2020-12-14 18:29:01+07,Thankyou for working
2020-12-14 18:29:10+07,Thankyou for working
2020-12-14 18:29:32+07,Thankyou for working
2020-12-14 18:40:20+07,Thankyou for working
2020-12-14 20:00:17+07,Thankyou for working
2020-12-14 20:03:04+07,Thankyou for working
2020-12-14 20:04:22+07,Thankyou for working
2020-12-14 20:10:12+07,Thankyou for working
2020-12-14 20:12:02+07,Thankyou for working
2020-12-14 20:17:03+07,Thankyou for working
2020-12-14 20:20:13+07,Thankyou for working
2020-12-14 20:24:46+07,Thankyou for working
2020-12-14 20:37:49+07,Thankyou for working
2020-12-14 20:38:45+07,Thankyou for working
2020-12-14 20:45:42+07,Thankyou for working
2020-12-14 20:50:03+07,Thankyou for working
2020-12-14 20:52:43+07,Thankyou for working
2020-12-14 20:57:22+07,Thankyou for working
2020-12-14 20:58:42+07,Thankyou for working
2020-12-14 21:00:47+07,Thankyou for working
2020-12-14 21:03:02+07,Thankyou for working
2020-12-14 21:03:30+07,Thankyou for working
2020-12-14 21:10:02+07,Thankyou for working
2020-12-14 21:10:31+07,Thankyou for working
2020-12-14 21:10:40+07,Thankyou for working
2020-12-14 21:51:09+07,Thankyou for working
2020-12-14 22:07:13+07,Thankyou for working
2020-12-14 22:08:53+07,Thankyou for working
2020-12-14 22:11:33+07,Thankyou for working
2020-12-14 22:12:19+07,Thankyou for working
2020-12-14 22:12:28+07,Thankyou for working
2020-12-14 22:15:32+07,Thankyou for working
2020-12-14 22:15:41+07,Thankyou for working
2020-12-14 22:15:50+07,Thankyou for working
2020-12-14 22:16:04+07,Thankyou for working
2020-12-14 22:16:17+07,Thankyou for working
2020-12-14 22:17:46+07,Thankyou for working
2020-12-14 22:18:03+07,Thankyou for working
2020-12-14 22:20:04+07,Thankyou for working
2020-12-14 22:40:59+07,Thankyou for working
2020-12-14 22:47:31+07,Thankyou for working
2020-12-14 22:48:57+07,Thankyou for working
2020-12-14 22:49:24+07,Thankyou for working
2020-12-14 22:49:33+07,Thankyou for working
2020-12-14 22:50:57+07,Thankyou for working
2020-12-14 22:51:18+07,Thankyou for working
2020-12-14 22:51:46+07,Thankyou for working
2020-12-14 22:51:55+07,Thankyou for working
2020-12-14 22:52:52+07,Thankyou for working
2020-12-14 22:53:02+07,Thankyou for working
2020-12-14 22:53:43+07,Thankyou for working
2020-12-14 22:56:03+07,Thankyou for working
2020-12-14 22:56:12+07,Thankyou for working
2020-12-14 22:56:21+07,Thankyou for working
2020-12-14 22:56:30+07,Thankyou for working
2020-12-14 22:57:08+07,Thankyou for working
2020-12-14 22:57:17+07,Thankyou for working
2020-12-14 22:57:26+07,Thankyou for working
2020-12-14 22:57:36+07,Thankyou for working
2020-12-14 23:05:32+07,Thankyou for working
2020-12-14 23:05:41+07,Thankyou for working
2020-12-14 23:05:50+07,Thankyou for working
2020-12-14 23:06:00+07,Thankyou for working
2020-12-14 23:07:37+07,Thankyou for working
2020-12-14 23:07:46+07,Thankyou for working
2020-12-14 23:07:55+07,Thankyou for working
2020-12-14 23:08:04+07,Thankyou for working
2020-12-14 23:08:13+07,Thankyou for working
2020-12-14 23:08:22+07,Thankyou for working
2020-12-14 23:08:31+07,Thankyou for working
2020-12-14 23:08:40+07,Thankyou for working
2020-12-14 23:10:24+07,Thankyou for working
2020-12-14 23:10:33+07,Thankyou for working
2020-12-14 23:22:44+07,Thankyou for working
2020-12-14 23:22:53+07,Thankyou for working
2020-12-15 11:37:56+07,Thankyou for working
2020-12-15 11:38:05+07,Thankyou for working
2020-12-15 11:38:35+07,Thankyou for working
2020-12-15 11:38:44+07,Thankyou for working
2020-12-15 11:38:53+07,Thankyou for working
2020-12-15 11:39:02+07,Thankyou for working
2020-12-15 11:39:11+07,Thankyou for working
2020-12-15 11:39:20+07,Thankyou for working
2020-12-15 11:39:29+07,Thankyou for working
2020-12-15 11:39:38+07,Thankyou for working
2020-12-15 11:39:47+07,Thankyou for working
2020-12-15 11:39:56+07,Thankyou for working
2020-12-15 11:44:27+07,Thankyou for working
2020-12-15 11:44:36+07,Thankyou for working
2020-12-15 11:44:45+07,Thankyou for working
2020-12-15 11:44:55+07,Thankyou for working
2020-12-15 11:45:13+07,Thankyou for working
2020-12-15 11:45:22+07,Thankyou for working
2020-12-15 11:45:31+07,Thankyou for working
2020-12-15 11:45:41+07,Thankyou for working
2020-12-15 11:46:14+07,Thankyou for working
2020-12-15 11:46:23+07,Thankyou for working
2020-12-15 11:46:32+07,Thankyou for working
2020-12-15 11:46:41+07,Thankyou for working
2020-12-15 11:46:50+07,Thankyou for working
2020-12-15 11:46:59+07,Thankyou for working
2020-12-15 11:47:08+07,Thankyou for working
2020-12-15 11:47:17+07,Thankyou for working
2020-12-15 11:47:26+07,Thankyou for working
2020-12-15 11:47:35+07,Thankyou for working
2020-12-15 11:47:44+07,Thankyou for working
2020-12-15 11:47:53+07,Thankyou for working
2020-12-15 11:48:02+07,Thankyou for working
2020-12-15 12:17:47+07,Thankyou for working
2020-12-15 12:28:49+07,Thankyou for working
2020-12-15 12:28:59+07,Thankyou for working
2020-12-15 12:29:08+07,Thankyou for working
2020-12-15 12:29:17+07,Thankyou for working
2020-12-15 12:29:26+07,Thankyou for working
2020-12-15 12:29:35+07,Thankyou for working
2020-12-15 12:29:44+07,Thankyou for working
2020-12-15 12:29:53+07,Thankyou for working
2020-12-15 12:30:02+07,Thankyou for working
2020-12-15 13:23:40+07,Thankyou for working
2020-12-15 13:23:50+07,Thankyou for working
2020-12-15 13:23:59+07,Thankyou for working
2020-12-15 13:24:08+07,Thankyou for working
2020-12-15 13:24:17+07,Thankyou for working
2020-12-15 13:24:26+07,Thankyou for working
2020-12-15 13:24:35+07,Thankyou for working
2020-12-15 13:24:44+07,Thankyou for working
2020-12-15 13:24:53+07,Thankyou for working
2020-12-15 13:25:02+07,Thankyou for working
2020-12-15 13:25:11+07,Thankyou for working
2020-12-15 13:25:20+07,Thankyou for working
2020-12-15 13:26:34+07,Thankyou for working
2020-12-15 13:26:36+07,Thankyou for working
2020-12-15 13:26:38+07,Thankyou for working
2020-12-15 13:26:40+07,Thankyou for working
2020-12-15 13:44:43+07,Thankyou for working
2020-12-15 13:44:52+07,Thankyou for working
2020-12-15 13:45:01+07,Thankyou for working
2020-12-15 13:45:10+07,Thankyou for working
2020-12-15 13:53:29+07,Thankyou for working
2020-12-15 13:53:38+07,Thankyou for working
2020-12-15 13:53:47+07,Thankyou for working
2020-12-15 13:53:56+07,Thankyou for working
2020-12-15 13:54:06+07,Thankyou for working
2020-12-15 13:54:15+07,Thankyou for working
2020-12-15 13:54:24+07,Thankyou for working
2020-12-15 13:54:33+07,Thankyou for working
2020-12-15 13:54:42+07,Thankyou for working
2020-12-15 13:54:51+07,Thankyou for working
2020-12-15 13:55:00+07,Thankyou for working
2020-12-15 13:55:09+07,Thankyou for working
2020-12-15 13:55:18+07,Thankyou for working
2020-12-15 13:55:27+07,Thankyou for working
2020-12-15 13:55:36+07,Thankyou for working
2020-12-15 13:55:45+07,Thankyou for working
2020-12-15 13:55:54+07,Thankyou for working
2020-12-15 13:56:03+07,Thankyou for working
2020-12-15 13:56:12+07,Thankyou for working
2020-12-15 13:56:22+07,Thankyou for working
2020-12-15 13:56:31+07,Thankyou for working
2020-12-15 13:56:40+07,Thankyou for working
2020-12-15 13:56:49+07,Thankyou for working
2020-12-15 13:56:58+07,Thankyou for working
2020-12-15 13:57:07+07,Thankyou for working
2020-12-15 13:57:16+07,Thankyou for working
2020-12-15 14:01:03+07,Thankyou for working
2020-12-15 14:05:05+07,Thankyou for working
2020-12-15 14:05:17+07,Thankyou for working
2020-12-15 14:05:40+07,Thankyou for working
2020-12-15 14:05:47+07,Thankyou for working
2020-12-15 14:05:58+07,Thankyou for working
2020-12-15 14:06:21+07,Thankyou for working
2020-12-15 14:17:45+07,Thankyou for working
2020-12-15 14:33:43+07,Thankyou for working
2020-12-15 14:36:14+07,Thankyou for working
2020-12-15 14:41:34+07,Thankyou for working
2020-12-15 14:41:44+07,Thankyou for working
2020-12-15 14:41:51+07,Thankyou for working
2020-12-15 14:42:00+07,Thankyou for working
2020-12-15 14:42:07+07,Thankyou for working
2020-12-15 14:44:52+07,Thankyou for working
2020-12-15 14:45:22+07,Thankyou for working
2020-12-15 14:45:31+07,Thankyou for working
2020-12-15 14:45:38+07,Thankyou for working
2020-12-15 15:01:30+07,Thankyou for working
2020-12-15 15:03:11+07,Thankyou for working
2020-12-15 15:03:28+07,Thankyou for working
2020-12-15 15:16:11+07,Thankyou for working
2020-12-15 15:19:13+07,Thankyou for working
2020-12-15 15:19:32+07,Thankyou for working
2020-12-15 15:19:42+07,Thankyou for working
2020-12-15 15:19:49+07,Thankyou for working
2020-12-15 15:20:35+07,Thankyou for working
2020-12-15 15:21:30+07,Thankyou for working
2020-12-15 15:21:58+07,Thankyou for working
2020-12-15 15:23:03+07,Thankyou for working
2020-12-15 15:23:13+07,Thankyou for working
2020-12-15 15:24:48+07,Thankyou for working
2020-12-15 15:24:57+07,Thankyou for working
2020-12-15 15:25:41+07,Thankyou for working
2020-12-15 15:26:24+07,Thankyou for working
2020-12-15 15:27:11+07,Thankyou for working
2020-12-15 15:29:46+07,Thankyou for working
2020-12-15 15:33:49+07,Thankyou for working
2020-12-15 15:34:15+07,Thankyou for working
2020-12-15 15:34:39+07,Thankyou for working
2020-12-15 15:35:11+07,Thankyou for working
2020-12-15 15:36:37+07,Thankyou for working
2020-12-15 15:36:49+07,Thankyou for working
2020-12-15 15:40:05+07,Thankyou for working
2020-12-15 15:40:16+07,Thankyou for working
2020-12-15 15:41:43+07,Thankyou for working
2020-12-15 15:42:34+07,Thankyou for working
2020-12-15 15:43:18+07,Thankyou for working
2020-12-15 15:48:00+07,Thankyou for working
2020-12-15 15:50:22+07,Thankyou for working
2020-12-15 15:50:42+07,Thankyou for working
2020-12-15 15:52:23+07,Thankyou for working
2020-12-15 15:52:56+07,Thankyou for working
2020-12-15 15:53:40+07,Thankyou for working
2020-12-15 16:00:19+07,Thankyou for working
2020-12-15 16:00:56+07,Thankyou for working
2020-12-15 16:01:03+07,Thankyou for working
2020-12-15 16:10:21+07,Thankyou for working
2020-12-15 16:14:29+07,Thankyou for working
2020-12-15 16:14:37+07,Thankyou for working
2020-12-15 16:14:46+07,Thankyou for working
2020-12-15 16:14:54+07,Thankyou for working
2020-12-15 16:15:02+07,Thankyou for working
2020-12-15 16:16:26+07,Thankyou for working
2020-12-15 16:19:52+07,Thankyou for working
2020-12-15 21:33:03+07,Thankyou for working
2020-12-15 21:33:13+07,Thankyou for working
2020-12-15 21:33:20+07,Thankyou for working
2020-12-15 21:33:29+07,Thankyou for working
